-- phpMyAdmin SQL Dump
-- version 5.1.1
-- https://www.phpmyadmin.net/
--
-- Host: 127.0.0.1
-- Generation Time: Oct 11, 2021 at 06:14 PM
-- Server version: 10.4.20-MariaDB
-- PHP Version: 8.0.9

SET SQL_MODE = "NO_AUTO_VALUE_ON_ZERO";
START TRANSACTION;
SET time_zone = "+00:00";


/*!40101 SET @OLD_CHARACTER_SET_CLIENT=@@CHARACTER_SET_CLIENT */;
/*!40101 SET @OLD_CHARACTER_SET_RESULTS=@@CHARACTER_SET_RESULTS */;
/*!40101 SET @OLD_COLLATION_CONNECTION=@@COLLATION_CONNECTION */;
/*!40101 SET NAMES utf8mb4 */;

--
-- Database: `uts`
--

-- --------------------------------------------------------

--
-- Table structure for table `berita`
--

CREATE TABLE `berita` (
  `Id` char(255) NOT NULL,
  `judul` varchar(255) NOT NULL,
  `kategori` varchar(255) NOT NULL,
  `penulis` varchar(255) NOT NULL,
  `kontenberita` varchar(15000) NOT NULL,
  `tanggalpublikasi` date NOT NULL,
  `Picture` varchar(255) NOT NULL
) ENGINE=InnoDB DEFAULT CHARSET=utf8mb4;

--
-- Dumping data for table `berita`
--

INSERT INTO `berita` (`Id`, `judul`, `kategori`, `penulis`, `kontenberita`, `tanggalpublikasi`, `Picture`) VALUES
('616181c4c0751', 'Putri KW Bawa Indonesia Menang 3-0 atas Jerman di Uber Cup', 'Olahraga', 'Fajar', '            Putri Kusuma Wardani menjadi penentu kemenangan Indonesia atas Jerman dengan skor 3-0 usai mengalahkan Ann-Kathrin Spori pada partai ketiga Grup A Uber Cup 2021, Sabtu (9/10).Putri KW tampil apik dan berhasil menyudahi perlawanan Spori dua gim langsung lewat skor 21-11, 21-17.Bertanding di Ceres Arena, Aarhus, Denmark, Putri KW langsung tancap gas sejak menit awal. Penampilan impresif Putri sukses membuat jarak delapan poin di pertengahan gim pertama dengan keunggulan 11-3.     Pebulutangkis 20 tahun itu tak menyia-nyiakan kesempatan untuk melesat dan mengamankan gim pertama dengan kemenangan 21-11.Akan tetapi, Putri KW mendapat perlawanan lebih sengit di gim kedua. Spori bahkan sempat memimpin 17-13 di pertengahan pertandingan.Namun, angka 17 untuk Spori jadi poin terakhir di laga ini. Putri KW berhasil mengejar ketinggalan dan memastikan kemenangan 21-17 di akhir gim kedua.Dengan demikian, Indonesia memastikan kemenangan 3-0 atas Jerman pada pertandingan pertama penyisihan Grup A Uber Cup 2021.       Sebelumnya, Indonesia sudah unggul lebih dulu lewat Gregoria Mariska Tunjung di sektor tunggal putri dan Greysia Polii/Apriyani Rahayi di ganda putri.Gregoria berhasil meraih kemenangan cepat dua gim langsung dengan skor 21-10, 21-14 atas Yvonne Li dalam tempo 28 menit. Sementara Greysia/Apriyani menyudahi perlawanan Stine Kuspert/Emma Moszczynski 21-16, 21-17.', '2021-10-20', 'https://akcdn.detik.net.id/visual/2021/05/24/putri-kusuma-wardani_169.jpeg?w=650'),
('616181fc24970', 'PB PON: Ricuh Tinju PON Papua Berakhir Damai', 'Olahraga', 'Kucang', '             Ketua Harian Panitia Besar Pekan Olahraga Nasional (PB PON) Yunus Wonda memastikan ricuh yang terjadi di sasana tinju PON Papua 2021 antara petinju DKI Jakarta dengan panitia pelaksana pertandingan berujung damai.Petinju DKI, Jill Mandagie, dan anggota panitia pelaksana pertandingan yang terlibat sudah dibawa ke Polda Papua untuk dimintai keterangan lebih lanjut pada Jumat (8/10) malam.\r\nMenanggapi kericuhan, Yunus menyebut PB PON sangat menyesali kejadian tersebut. Yunus berharap kericuhan yang terjadi di GOR Cendrawasih, Jayapura, tidak terjadi lagi, termasuk di venue-venue lain pada PON Papua 2021.\r\n\"Saya sebagai Ketua Harian dan Kami PB PON menyampaikan permohonan maaf kepada publik secara umum. Secara khusus kepada kontingen DKI dan atlet DKI yang sempat ada di keributan. Kami panitia menyampaikan permohonan maaf,\" ungkapnya.\r\n\r\nSebagai tuan rumah, lanjut Yunus, seharusnya panitia pelaksana pertandingan tidak boleh terpancing dengan apapun yang terjadi di lapangan. Sebagai tuan rumah, menurut Yunus, panitia seharusnya bisa memberikan rasa aman, nyaman dan kedamaian bagi para tamu yang datang.\r\nKami sangat tidak respek dengan peristiwa ini dan kami sebagai tuan rumah tidak boleh terpancing apapun yang terjadi kami harus bisa memberikan kedamaian dan ketertiban kepada tamu. Tidak bisa dengan cara itu [kekerasan]. Apalagi dia [atlet DKI] mainnya dengan NTT.\"\r\n\r\n\"Panpel tidak boleh seperti itu. Kami harus memberikan pelayanan kepada tamu. Kepada masyaarakat Papua kami minta untuk bisa menahan diri, untuk tidak terpancing apapun biar pertandingan berjalan mengalir sesuai ketentuan, aturan dan protokol kesehatan seperti biasa, tidak perlu kita buat intervensi dan kerusuhan,\" ucap Yunus.', '2021-10-19', 'https://akcdn.detik.net.id/visual/2021/10/09/ilustrasi-tinju-pon-papua_169.jpeg?w=650'),
('6161827e220a0', 'Sempat Kena Hack, Akun Instagram Pemkot Solo Pulih Kembali', 'Teknologi', 'Nier', '               Akun Instagram Pemerintah Kota (Pemkot) Solo sudah pulih kembali setelah dilaporkan di-hack oleh orang tak dikenal pada Jumat (8/10) pukul 23.00 WIB hingga Sabtu (9/10) pukul 01.00 WIB dini hari.Berdasarkan pantauan CNNIndonesia.com, akun @pemkot_solo itu sudah kembali normal pada Sabtu pukul 11.00 WIB. Pada akun tersebut hanya terdapat konten resmi Pemkot Solo.Kepala Bagian Protokol dan Komunikasi Pemkot Solo, Wahyu Kristina membenarkan peretasan yang terjadi pada Jumat malam. Menurut Kristina, saat ini akun tersebut masih dalam proses pemulihan.Pernyataan serupa juga disampaikan secara resmi oleh Pemkot Solo melalui sejumlah platform media sosial mereka seperti Facebook dan Twitter.Pemkot Solo menerbitkan pemberitahuan bahwa akun Instagram Pemkot Solo diserang hacker. Pemberitahuan ini diunggah pada pagi tadi.', '2021-10-29', 'https://akcdn.detik.net.id/visual/2021/10/09/akun-instagram-pemkot-solo-pemkotsolo-diretas_169.jpeg?w=650'),
('616182e9931ff', 'Bocoran Spesifikasi dan Harga Xenia-Avanza Baru Jelang Rilis', 'Teknologi', 'Huking ', '   Si kembar Toyota Avanza dan Daihatsu Xenia diperkirakan akan rilis di Indonesia pada akhir tahun ini antara November atau Desember. Berdasarkan berbagai bocoran kedua model ini bakal memiliki banyak perubahan.Bocoran paling kuat diperoleh dari lampiran pada Peraturan Menteri Dalam Negeri Nomor 40 Tahun 2021 tentang perubahan NJKB.                     Dari data itu terungkap generasi terbaru Avanza dikabarkan punya transmisi otomatis CVT dengan pilihan mesin DOHC 1.300 cc dan 1.500 cc. Kemudian berdasarkan kode dan tipe, model baru Avanza juga diyakini memiliki paket fitur keselamatan dari Toyota Safety Sense (TSS).TSS sebelumnya sudah dipakai di Raize, terdiri dari enam kantong udara, Pedal Misoperation Control, dan TSS BSM (blind spot monitor) RCTA (Rear Traffic Control Alert).Sementara Xenia dalam data yang sama kelihatannya bakal punya varian dengan fitur ASA (Advanced Safety Assist). Teknologi ini sudah tersedia di Rocky, yang di antaranya terdiri dari Pre Collision Brake dan Lane Departure Warning.Kode NJKB tidak menunjukkan ubahan lain pada si kembar, tetapi dari kabar yang beredar dua mobil tersebut menggunakan platform global, yaitu Daihatsu New Global Architecture (DNGA).Sistem penggerak roda Avanza, Veloz, dan Xenia juga disebut berubah ke depan FWD (front-wheel drive) dari sebelumnya RWD (rear-wheel drive). Namun ada kabar pabrikan juga masih menyediakan Avanza-Xenia format RWD.Bocoran hargaGenerasi terbaru Avanza dan Xenia akan dijual lebih mahal ketimbang model yang dijual sekarang berdasarkan NJKB yang tertera pada kode baru pada mobil Toyota dan Daihatsu.NJKB kode Avanza tertulis Rp157 juta-Rp227 juta, ini naik dari model sekarang beredar Rp151 juta - Rp188 juta. Sedangkan Xenia punya nilai NJKB Rp144 juta-Rp170 juta, dan NJKB di kode baru Rp135 juta-Rp172 juta.Kenaikan NJKB pada model baru memicu dugaan bahwa generasi baru Avanza akan lebih mahal dari sebelumnya.Perlu dipahami NJKB bukan harga yang ditawarkan ke konsumen. NJKB merupakan patokan harga untuk pengenaan berbagai macam pajak seperti BBN, PPn, hingga PPnBM.Sejauh ini kedua perusahaan belum mau berkomentar lebih soal model terbaru Avanza Xenia. Namun tenaga penjual pada dealer Toyota Daihatsu telah membuka pemesanan bakal model terbaru dengan syarat memberi tanda jadi Rp5juta dan mengisyaratkan peluncuran bulan depan.', '2021-10-20', 'https://akcdn.detik.net.id/visual/2019/01/15/7dd54176-acce-4597-a1e7-8b879fa64f44_169.jpeg?w=650'),
('6161832bbac06', 'Penelitian: Anak Mudah Akses Konten Sesat Covid di TikTok', 'Teknologi', 'Kimura', '           TikTok disebut membiarkan informasi palsu dan menyesatkan soal Covid-19 beredar dengan sedikit bahkan tanpa peringatan kepada para penggunanya, termasuk anak-anak.Laporan terbaru lembaga pemantau kredibilitas informasi di media sosial NewsGuard memaparkan aplikasi yang sangat populer di kalangan anak-anak 18 tahun ke bawah itu menyajikan klaim soal Covid-19 yang salah dan menyesatkan.\r\n\r\nBerdasarkan studi kasus terhadap sembilan anak yang direkrut NewsGuard, mereka terpapar informasi palsu soal Covid-19 dalam beberapa menit pertama saat menggunakan TikTok.\r\n\r\nNewsGuard mendapati sedikitnya 10 konten hoax soal Covid-19 yang diterima anak-anak tersebut mulai dari klaim vaksin bisa menyebabkan kematian, pandemi virus corona adalah konspirasi genosida, hidroklorin ampuh obati Covid-19, hingga heard immunity lebih baik daripada menerima vaksin Covid-19.\r\n\r\nPadahal, anak-anak itu didampingi orang tua mereka saat menggunakan TikTok dan sebagian tidak mengikuti satu akun serta tidak mencari informasi tertentu soal Covid-19.\r\n\r\nPada Agustus dan September 2021, NewsGuard sengaja merekrut sembilan anak berusia 9-17 tahun untuk membantu investigasi ini. NewsGuard meminta anak-anak tersebut membuat akun TikTok baru dengan tujuan mengukur berapa lama waktu yang dibutuhkan aplikasi berbagi video pendek itu untuk menampilkan konten soal informasi menyesatkan tentang COVID-19.\r\n\r\nSembilan anak itu terdiri dari empat perempuan dan lima laki-laki. Mereka diinstruksikan untuk memainkan TikTok selama 45 menit dan merekam sesi tersebut.\r\n\r\nHasil studi memaparkan anak-anak tersebut mendapat konten berisi hoaks soal Covid-19 pada 35 menit pertama menggunakan TikTok.\r\n\r\nEmpat dari sembilan anak diminta tidak mengikuti akun, mencari topik, atau mengklik tagar berkaitan dengan Covid-19. Meski begitu, mereka tetap menerima konten video berisikan informasi yang salah soal SARS-CoV-2.\r\n\r\nSementara itu, lima anak lainnya diminta mengikuti sejumlah akun dan mencari informasi berkaitan dengan Covid-19. Selama 35 menit pertama, kelima anak itu disuguhi total 22 video misinformasi virus corona.\r\n\r\nNewsGuard pun memberikan hasil penelitian mereka itu kepada TikTok dan meminta platform itu mengonfirmasi temuan tersebut, terutama terkait kenapa aplikasi itu memungkinkan anak kecil dengan mudah disuguhi konten misinformasi Covid-19.\r\n\r\nSebagai tanggapan, TikTok mengatakan keamanan dan kesejahteraan komunitas kami adalah prioritas utama perusahaan.\r\n\r\nTikTok mengaku telah mengambil segala tindakan untuk mencegah akun-kaun menyebarkan informasi yang salah dan mempromosikan konten menyesatkan tentang Covid-19.', '2021-10-22', 'https://akcdn.detik.net.id/visual/2021/07/23/ilustrasi-aplikasi-tiktok-4_169.jpeg?w=650'),
('616185a2cd316', 'Digadang Duet dengan Ganjar di Pilpres 2024, Airlangga Jawab Begini', 'Politik', 'Zuja', '                   Ketum Golkar Airlangga Hartarto angkat bicara soal peluangnya menggandeng Gubernur Jawa Tengah Ganjar Pranowo untuk maju Pilpres 2024. Namun, Airlangga tak banyak bicara soal peluang berduet dengan Ganjar.\r\nNurul mengatakan Airlangga bisa berpasangan dengan siapa saja saat maju nyapres. Partai Golkar, kata dia, tidak membatasi.\r\n\r\n\"Jadi bisa dengan siapa saja. Kita tidak membatasi diri dan bisa dengan siapa saja,\" bebernya.\r\n\r\nDi sisi lain, Nurul mengatakan berdasarkan survei Saiful Mujani Research & Consulting (SMRC) popularitas Airlangga saat ini mencapai 35 persen. Pihaknya pun senang dengan peningkatan elektabilitas ini.\r\n\r\n\"Ya kami tentu merasa bersyukur karena dalam survei SMRC kemarin yang dilakukan September ternyata apa yang kami lakukan ada hasilnya. Popularitas dan elektabilitasnya dari 26 (persen), 28 (persen), sekarang sudah 35 persen,\" ujarnya.\r\n\r\nNurul menjelaskan, kenaikan popularitas Airlangga ini merupakan buah dari hasil kerja-kerja politik, baik itu dilakukan oleh partai maupun Airlangga sendiri.\r\n\r\n\"Artinya kerja-kerja kami baik di lapangan ataupun internal dan kepempinan bapak Airlangga sendiri membuktikan bahwa ini ada progres begitu,\" tuturnya.\r\n\r\nUntuk diketahui, nama Airlangga dipasangkan dengan Ganjar usai kunjungan keduanya di acara tradisi Yaqowiyu di Kabupaten Klaten, Jumat (24/9) lalu. Kedatangan kedua sosok yang digadang maju nyapres ini dinilai sebagai bentuk komunikasi politik antara politisi.', '2021-10-19', 'https://akcdn.detik.net.id/community/media/visual/2021/09/24/kompak-momen-ganjar-airlangga-naik-ojol-di-klaten-2_169.jpeg?w=700&q=90'),
('61618607dc740', 'Ketua DPRD Minta Anies Setop Bohong soal Pilgub 2024, Wagub DKI Buka Suara', 'Politik', 'Zukri', '                 Ketua DPRD DKI Jakarta Prasetio Edi Marsudi meminta Gubernur DKI Jakarta Anies Baswedan berhenti berbohong soal isu Pilgub DKI 2024. Wakil Gubernur DKI Jakarta Ahmad Riza Patria pun buka suara. Apa katanya?Riza mengatakan dirinya enggan mengomentari masalah politik, terutama masalah pilkada dan pilpres. Dia mengatakan dua agenda politik itu masih jauh, yakni 2024.\r\n\r\nRiza mengajak semua pihak menghormati proses demokrasi di Jakarta. Riza berharap semua pihak membuat Jakarta aman dan lebih baik.\r\n\r\n\"Mari kita hormati proses demokrasi yang ada di Jakarta, mari kita menjadi bagian yang menyejukkan, menjadi bagian yang membuat Jakarta lebih baik lagi, Jakarta lebih aman lagi lebih kondusif lagi. Mari kita kurangi, hindari kesibukan kita urusan hiruk pikuk politik. Apalagi urusan pilpres yang masih lama,\" ujarnya.\r\n\r\nRiza juga mengatakan Presiden Jokowi masih memiliki waktu yang panjang untuk memimpin Indonesia. Riza berharap masyarakat bisa mendukung semua program para pemimpin mulai dari kepala desa hingga Presiden.\r\n\r\n\"Pak Jokowi rasanya belum lama dilantik jadi presiden dua kali kan, masa sudah mikirin pilpres lagi ya. Mari kita bekerja, mendukung Pak Jokowi dengan berbagai kebijakannya. Pemerintah pusat mendukung Pak Anies di Jakarta, membangun Jakarta. Mari kita dukung pemimpin-pemimpin di seluruh Indonesia, para gubernur, wali kota, bupati sampai kepala desa, agar semua daerahnya maju, aman, makmur sejahtera,\" ucap Riza.\r\nSebelumnya, Prasetio Edi meminta Anies Baswedan berhenti berbohong soal isu Pilgub DKI 2024. Pilgub DKI digelar pemerintah pusat pada 2024, bukan 2022, tidak untuk mengganjal Anies, melainkan karena sudah amanat undang-undang.\r\n\r\n\"Ketua DPRD DKI Jakarta Prasetio Edi Marsudi meminta Gubernur Anies Baswedan berhenti berbohong dengan seakan pemerintah pusat sengaja memundurkan Pemilihan Gubernur sampai 2024. Sebab, pelaksanaan pilgub diatur dalam Undang-Undang Nomor 10 Tahun 2016, yang disahkan setahun sebelum Anies menjadi gubernur,\" demikian bunyi keterangan tertulis Prasetio, Sabtu (9/10).', '2021-09-27', 'https://akcdn.detik.net.id/community/media/visual/2021/09/20/ahmad-riza-patria_43.jpeg?w=700&q=90'),
('616186651c3cc', 'Pemilu Irak Pasca-Reformasi Masih Dibayangi Kekuatan Lama', 'Politik', 'Junathan', '        Pada pemilihan umum kali ini, warga akan mencoblos calon anggota legislatif yang dinominasikan secara langsung, tanpa melalui struktur kepartaian. Akibatnya kandidat independen bermunculan di penjuru negeri.UU Pemilu yang baru diamandemen demi meredakan amarah kaum muda terhadap budaya korupsi di partai-partai politik. Reformasi diharapkan bisa memudahkan tokoh masyarakat tanpa afiliasi politik untuk duduk di parlemen.Tapi betapapun upaya para caleg menjauhkan diri dari parpol demi menjaga reputasi, pencoblosan kali ini tetap dibayangi kekuatan lama. Blok-blok politik yang didominasi kelompok agama dan etnis di Irak secara diam-diam mencalonkan kadernya sebagai kandidat independen.Di masa kampanye, kebanyakan dari 3.240 caleg yang bersaing mengaku terbebas dari pengaruh partai. Tapi bagi mayoritas pemilih, klaim itu dianggap cuma ', '2021-10-12', 'https://akcdn.detik.net.id/community/media/visual/2021/10/09/poster-kampanye-memenuhi-salah-satu-ruas-jalan-di-ibu-kota-baghdad_169.jpeg?w=700&q=90'),
('616186aea5f60', 'Faisal Basri: Transportasi Defisit Belasan Miliar Dolar/Tahun', 'Ekonomi', 'Naufal', '                        Ekonom senior Universitas Indonesia, Faisal Basri menyebut bahwa sektor transportasi dalam negeri menjadi penyumbang defisit current account terbesar. Faisal menyebut sektor transportasi merugi hingga belasan miliar dolar setiap tahun.\r\nPresiden Joko Widodo (Jokowi) memastikan pemerintah akan membantu pembangunan proyek kereta cepat Jakarta-Bandung dengan Anggaran Pendapatan dan Belanja Negara (APBN). Bantuan tersebut diberikan dalam bentuk pemberian penyertaan modal negara (PMN), penjaminan proyek, hingga izin penerbitan surat utang atau obligasi bagi PT Kereta Api Indonesia (Persero) atau KAI selaku pimpinan konsorsium proyek.\r\nKeputusan ini diambil kepala negara, karena selama ini proyek belum berjalan secara signifikan, sementara kebutuhan dana justru naik. Data terakhir dari KAI per September 2021 mencatat kebutuhan dana meningkat dari US$6,07 miliar atau sekitar Rp86,67 triliun (kurs Rp14.280 per dolar AS) menjadi US$8 miliar atau Rp114,24 triliun.\r\n\r\nEkonom INDEF, Tauhid Ahmad, menilai pembengkakan kebutuhan dana proyek terjadi karena ada kesalahan yang fatal dari segi perencanaan hingga konstruksi di lapangan. Selain itu, juga terpengaruh oleh situasi pandemi covid-19 yang membuat pengerjaan proyek molor.\r\nal itu, menurut dia, berdampak pada meningkatnya harga barang yang diangkut lewat kapal laut. Sebab, transportasi udara umumnya hanya membuat pergerakan manusia semakin dinamis. Sedangkan, di sisi lain, pergerakan barang lewat laut menjadi macet.\r\n\r\n\"Nah udara mengangkut manusia. Angkutan laut mengangkut barang. Nah kita keteteran. Jadinya di barangnya. Manusianya makin mobile. Barangnya masih mahal kalau diangkut lewat laut,\" kata dia.', '2021-10-22', 'https://akcdn.detik.net.id/visual/2017/09/27/2fdbfb03-980d-4967-b69c-8c27344dbaae_169.jpg?w=650'),
('6161870ab62d6', 'Jokowi Izinkan Dana Kereta Cepat Jakarta-Bandung dari APBN', 'Ekonomi', 'Zikir', 'Presiden Joko Widodo (Jokowi) memastikan pemerintah akan membantu pembangunan proyek kereta cepat Jakarta-Bandung dengan Anggaran Pendapatan dan Belanja Negara (APBN). Bantuan tersebut diberikan dalam bentuk pemberian penyertaan modal negara (PMN), penjaminan proyek, hingga izin penerbitan surat utang atau obligasi bagi PT Kereta Api Indonesia (Persero) atau KAI selaku pimpinan konsorsium proyek.\r\nKeputusan ini diambil kepala negara, karena selama ini proyek belum berjalan secara signifikan, sementara kebutuhan dana justru naik. Data terakhir dari KAI per September 2021 mencatat kebutuhan dana meningkat dari US$6,07 miliar atau sekitar Rp86,67 triliun (kurs Rp14.280 per dolar AS) menjadi US$8 miliar atau Rp114,24 triliun.\r\n\r\nEkonom INDEF, Tauhid Ahmad, menilai pembengkakan kebutuhan dana proyek terjadi karena ada kesalahan yang fatal dari segi perencanaan hingga konstruksi di lapangan. Selain itu, juga terpengaruh oleh situasi pandemi covid-19 yang membuat pengerjaan proyek molor.\r\nBerdasarkan Rencana Umum Energi Nasional, gas bumi ditargetkan mencapai porsi 24 persen dalam bauran energi nasional pada 2050.\r\n\"Cadangan gas Indonesia menjadi salah satu faktor penentu target tersebut,\" tambah Tutuka.\r\nMerujuk data Kementerian ESDM, konsumen gas terbesar dalam negeri adalah industri sebesar 28,22 persen, listrik 12,04 persen dan pupuk sebesar 12,45 persen.\r\nSedangkan 20,05 persen diekspor dalam bentuk gas alam cair dan sebanyak 13,15 persen diekspor melalui pipa. Total konsumsi gas mencapai 5.661,38 BBUTD pada Juni 2021.\r\nDirektur Jenderal Minyak dan Gas Bumi Kementerian ESDM Tutuka Ariadji mengatakan gas bumi berperan dalam transisi energi karena faktor emisi karbonnya baik bagi lingkungan.\r\nPemerintah menempatkan arah kebijakan peralihan energi fosil ke energi baru terbarukan dan menjadikan gas sebagai faktor penting dalam program transisi energi ke depan di Indonesia.\r\n\r\n\"Peran gas alam dalam transisi energi menjadi lebih penting karena sifat gas yang mudah ditransportasikan dan disimpan dan yang terpenting adalah faktor emisi karbonnya,\" kata Tutuka dalam keterangan yang dikutip dari Antara.', '2021-10-14', 'https://akcdn.detik.net.id/visual/2021/05/18/joko-widodo-tinjau-proyek-kereta-cepat-jakarta-bandung-1_169.jpeg?w=650'),
('61618770ed645', 'Lisa BLACKPINK Sabet 2 Rekor Guinness Berkat LALISA', 'Hiburan', 'Kim jong Un', '          Lisa BLACKPINK berhasil meraih dua rekor dunia Guinness berkat debut solonya yang rilis baru-baru ini.Guinness World Records pada Jumat (8/10) mengumumkan bahwa mereka resmi mengakui dua rekor yang dipecahkan lagu debut solo Lisa berjudul \r\nVideo klip LALISA ditonton sebanyak 73,6 juta kali dalam 24 jam pertama rilis. Jumlah itu memecahkan rekor sebelumnya yang dipegang penyanyi pop Taylor Swift dengan lagunya \"ME!\" pada 2019 yang menarik 65,2 juta penonton dalam 24 jam sejak rilis.\r\n\r\nSelain itu, dikutip Soompi, lagu \"LALISA\" juga memecahkan rekor baru sebagai video musik artis KPOP di YouTube yang paling banyak dilihat dalam 24 jam semenjak rilis.\r\n\r\nRekor itu sebelumnya dipegang oleh rekan satu girlband nya, Rosé yang merilis debut solo \"On The Ground\".\r\n\r\n\"Kesuksesan terbaru (BLACKPINK) ini juga menandakan bahwa grup ini masuk dalam buku Guinness Wolrd Records 2022 di bagian media sosial,\" bunyi pernyataan lembaga tersebut.\r\n\r\nSebelumnya, Lisa mengatakan video musik LALISA tidak hanya kental dengan musik energik pop elektronik tapi juga menampilkan unsur budaya Thailand yang menjadi negara asalnya.\r\n\r\nKala itu, lewat siaran langsung, Lisa mengatakan kombinasi budaya Thailand ke dalam single solo perdananya datang dari idenya sendiri.\r\n\r\n\"Saya sangat ingin memasukkan sentuhan Thailand dalam lagu kali ini tapi Teddy mengaransemendengan gaya Thailand. Jadi saya sangat tersentuh dan bahagia. Saya juga memasukkan warna hitam dan emas dalam desain album,\" ujar Lisa seperti yang dilansir Newsen via Naver awal September lalu.\r\n\r\nTak hanya soal gaya musik, Lisa juga memasukkan unsur Thailand ke dalam dalam video klip LALISA mulai dari busana yang dikenakan hingga koreografinya.\r\n\r\nDalam video musik ini, Lisa tampil membawakan koreografi yang energik mengikuti alunan musik bertempo cepat. Video ini dibuka dengan penampilan dalam gaun berwarna hitam.\r\n\r\nSelanjutnya, Lisa berganti dengan beberapa pakaian lain yang kental dengan tema girl crush berkonsep hip hop dan swag.\r\n\r\nJelang bagian akhir video, Lisa mengenakan pakaian yang berwarna emas seperti yang dikenakan oleh penari tradisional Thailand.', '2021-10-21', 'https://akcdn.detik.net.id/visual/2021/09/10/vm-lalisa-oleh-lisa-blackpink_169.png?w=650'),
('616187f34f25a', 'Cermin Kapitalisme di Balik Jalan Cerita Squid Game', 'Hiburan', 'Fajar', 'Dosen Program Studi Bahasa dan Kebudayaan Korea Universitas Indonesia, Eva Latifah, menjelaskan pasar satir mengenai kapitalisme yang terkandung dalam serial Squid Game.\r\nHal itu disebut Eva akan terlihat bila penonton memahami cerita secara utuh.\r\n\r\n\"Sekarang yang dihadapi orang-orang Korea ini.. sekarang kan kapitalisme nih, dan kapitalisme itu melahirkan satu hal yang sebetulnya kadang-kadang tidak manusiawi yang kemudian kita bisa lihat dalam drama ini,\" kata Eva dalam program CNN Indonesia Connected, baru-baru ini.\r\n\r\nPenjelasan Eva merujuk pada permainan yang dimainkan oleh peserta Squid Game sepanjang serial berlangsung. Sebanyak 456 peserta diminta mengikuti enam permainan anak-anak Korea Selatan dengan taruhan nyawa.\r\nPeserta yang berhasil memenangkan enam permainan itu akan mendapat hadiah uang sebesar 45,6 miliar won. Besaran hadiah tersebut didapat dari nyawa setiap peserta yang dihargai sebesar 100 juta won kemudian dikali 456 peserta.\r\n\r\nHadiah yang ditawarkan membuat peserta rela melakukan apa saja dan menghalalkan segala cara. Bahkan mereka tidak segan membunuh peserta lain, kalau tidak demikian mereka akan dibunuh.\r\n\r\nBukan hanya itu, peserta Squid Game juga bisa meninggal karena peraturan permainan. Dalam sejumlah permainan peserta akan ditembak mati bila kalah atau tidak berhasil memenuhi peraturan permainan tersebut.\r\n\r\nEva sadar banyak orang yang mengkritik serial ini terlalu keras karena menyajikan adegan-adegan sadis. Namun sebenarnya ada pesan tersembunyi di balik adegan yang dipenuhi tumpah darah itu.\r\n\r\n\"Sebenarnya yang ingin disampaikan oleh sutradara dan penulis adalah bahwa ini kapitalisme pada satu sisi mungkin bisa membuat negara menjadi maju. Tapi di sisi lain menimbulkan suatu masalah secara kemanusiaan,\" katanya.\r\n\r\nIa melanjutkan, \"Ada unsur persaingan ketat yang membuat orang jadi kehilangan rasa kemanusiaan itu sendiri. Jadinya mereka rela membunuh dan terbunuh demi survive, makanya tema serial ini survival.\"\r\n\r\nLebih lanjut, Eva menilai Squid Game juga menjadi sarana promosi budaya Korea Selatan. Hal ini setidaknya terbukti dari permainan anak-anak Negeri Gingseng itu yang mulai dikenal seluruh dunia.\r\n\r\nIa beranggapan Korea Selatan sudah berada pada tahap industri budaya. Dengan demikian mereka bisa mendapatkan sesuatu yang lebih dan bermanfaat dari produksi budaya, baik dari segi materi atau pun keterkenalan.\r\n\r\n\"Booming (keterkenalan) ini akan menambah keuntungan buat negara Korea itu sendiri. Jadi, sekali lagi ini mengonfirmasi bahwa Korea sudah masuk industri budaya yang luar biasa,\" katanya', '2021-10-12', 'https://akcdn.detik.net.id/visual/2021/09/22/serial-korea-squid-game-1_169.jpeg?w=650'),
('61630ac229056', 'Sebelum Menang KO, Fury Kalah Telak di Ronde Keempat', 'Olahraga', 'Tyson', '                   Duel Tyson Fury vs Deontay Wilder sudah berakhir dengan kemenangan KO untuk petinju berjuluk The Gypsy King yang sempat dinyatakan kalah telak pada ronde keempat.\r\nFury mengawali pertarungan dengan bertahan menghadapi serangan agresif Wilder. Penampilan Fury tersebut membuat ketiga juri, Tim Cheatham, Dave Moretti, dan Steve Weisfeld sepakat memberi poin lebih tinggi untuk Wilder ketimbang Fury.\r\n\r\nPada ronde selanjutnya, ketika terjadi jual beli pukulan, ketiga juri memberi penilaian berbeda.  \r\nSementara pada ronde ketiga, para juri kompak memberi nilai 10 untuk Fury dan nilai 8 untuk Wilder. Pada ronde ketiga, Fury menjatuhkan Wilder.\r\n\r\nPada ronde selanjutnya, saat Wilder menjatuhkan Fury dua kali, ketiga juri pun memberi penilaian seragam yang memastikan kemenangan telak 10-7.\r\n\r\nSetelah ronde keempat, mayoritas juri pun memberi poin lebih banyak untuk Fury yang tampil lebih prima melawan Wilder yang sudah gontai namun tetap sulit dirobohkan.\r\n\r\nDalam foto yang diunggah ke media sosial, terlihat Fury menang angka mutlak hingga ronde ke-10, sebelum sebuah pukulan Fury merobohkan Wilder ketika ronde ke-11 dan wasit Russel Mora menghentikan pertarungan.\r\n\r\nTyson Fury KO11 Deontay Wilder scorecards at the time of the stoppage… pic.twitter.com/U1SioJE368\r\n\r\n— Michael Benson (@MichaelBensonn) October 10, 2021   \r\nCheatham memberi nilai 94-92, Moretti memberi nilai 95-91, dan penilaian Weisfeld menyatakan Fury unggul tiga angka 95-92.\r\n\r\nKemenangan KO atas Wilder menambah catatan kemenangan Fury menjadi 31 kali dari 32 pertarungan. Sementara total catatan kemenangan KO Fury menjadi 22 kali.', '2021-10-07', 'https://akcdn.detik.net.id/visual/2021/10/10/tyson-fury-vs-deontay-wilder-2_169.jpeg?w=650'),
('6163b56030552', 'Taiwan vs Indonesia: Waspada Ancaman Bola Mati Lawan', 'Olahraga', 'Kunji', '      Pemain naturalisasi Victor Igbonefo mewaspadai situasi bola mati di laga Taiwan vs Timnas Indonesia pada leg kedua playoff kualifikasi Piala Asia 2023 di Chang Arena Buriram, Thailand, Senin (11/10).\r\nIgbonefo mengaku Timnas Indonesia harus mewaspadai serangan balik dan set piece Taiwan. Dua hal itu dinlai akan jadi ancaman yang bisa menggagalkan upaya tim Merah Putih melangkah ke fase selanjutnya.\r\n\r\n\"Kami harus waspadai serangan balik dan set piece dari Taiwan. Koreksi-koreksi latihan hari ini membantu kami memperbaiki kekurangan yang ada dalam tim,\" ujar Igbonefo seperti dilansir dari situs resmi PSSI. \r\n\"Kami akan bermain mengikuti instruksi dari pelatih demi meraih kemenangan lagi melawan Taiwan,\" kata pemain yang memperkuat Persib Bandung itu menambahkan.\r\n\r\nSituasi bola mati memang jadi salah satu titik lemah  Timnas Indonesia saat menang 2-1 atas Taiwan pada leg pertama lalu. Timnas Indonesia yang sudah unggul 2-0 berkat gol Ramai Rumakiek dan Evan Dimas Darmono harus kebobolan dari situasi bola mati pada masa injury time babak kedua.   \r\nEksekusi bola mati Taiwan dari sisi kiri penyerangan mampu dimanfaatkan pemain pengganti, Hsu Heng-Pin untuk membobol gawang Muhammad Riyandi. Skor pun berubah jadi 1-2 dan gol itu membuka jalan lebih besar buat Taiwan untuk membalikkan keadaan di leg kedua.   \r\nIndonesia sendiri cukup meraih hasil imbang untuk lolos ke kualifikasi ketiga Piala Asia 2023. Evan Dimas dkk. juga bisa tetap lolos jika kalah dengan selisih satu gol tetapi dengan catatan mampu mencetak dua gol atau lebih.\r\n\r\nMisalnya Indonesia kalah 2-3, 3-4, 4-5, dan seterusnya. Dengan demikian Indonesia berhak lolos dengan agregat gol tandang.           ', '2021-10-06', 'https://akcdn.detik.net.id/visual/2021/10/02/shin-tae-yong-memberi-arahan-ke-adam-alis_169.jpeg?w=650'),
('6163b5aaa24b4', '6 Fakta Ban Tanpa Udara, Ramah Lingkungan hingga Dilirik TNI', 'Teknologi', 'Kizuka', '                 Ban mobil tanpa udara yang digagas Michelin disebut bakal mengurangi risiko kempes di jalan dan lebih unggul dari ban tubeless biasa. Ban ini bakal diedarkan di pasaran 2024 mendatang. Berikut fakta soal ban tanpa udara.\r\nBan anti ranjau ini bernama Unique Puncture-Proof Tire System (Uptis) dan disebut bakal mengurangi dampak lingkungan.\r\n\r\nBerdasarkan survei internal Michelin, setidaknya setiap tahun terdapat 20 persen ban dibuang lebih awal karena kempes atau cepat kehilangan tekanan, atau bentuk kerusakan lainnya.\r\n\r\n\r\nMenurut survei tersebut, keadaan ini menimbulkan setidaknya 200 juta sampah ban yang beratnya setara 200 kali Menara Eiffel.    \r\n\r\nBerikut fakta-fakta seputar terobosan ban tanpa udara ini, dirangkum dari berbagai sumber.\r\n\r\n1. Dari bahan aluminium\r\nBan mobil tanpa angin merupakan kombinasi ban aluminium dengan struktur penahan beban yang dibuat dari plastik. Kemudian, ban ini juga diperkuat dengan serat kaca dan campuran karet fleksibel. Komposisi ini membuat ban tetap sesuai saat digunakan pada pelek konvensional.\r\n\r\n2. Tak masalah dengan paku\r\nBan mobil tanpa angin disebut tidak akan mengalami masalah jika tertembus paku ataupun benda tajam lain yang kerap membuat repot mobil di jalanan.\r\n\r\nBan ini memiliki struktur unik pada bagian dinding ban yang menyangga bagian tapak dengan pelek mobil. Struktur itu juga berfungsi membantu meredam daya kejut karena dapat membantu meredam daya kejut ketika menghantam lubang.\r\n\r\nDengan demikian, kehadiran ban ini dinilai tidak memerlukan jasa tambal ban karena tidak mengalami kebocoran udara.\r\n\r\n3. Menarik perhatian TNI\r\nTerobosan ban tanpa udara ini disebut menarik berbagai kalangan termasuk Tentara Nasional Indonesia (TNI) dan bakal digunakan untuk kebutuhan militer.\r\n\r\nProdusen top dunia kiwari telah mengembangkan teknologi ban tanpa udara ini. Industri ban ternama seperti Bridgestone dan Michelin sudah memiliki desain ban tanpa udara mereka.\r\n\r\n4. Tak perlu ban serep\r\nKeberadaan ban tanpa angin juga dinilai bisa membuat ruang bagasi menjadi lebih longgar. Sebab, pemilik mobil tak perlu membawa ban serep.\r\n\r\nPenggunaan ban tanpa angin ini disebut tidak akan direpotkan dengan masalah seperti ban kempes, meledak, maupun bocor sehingga tak perlu membawa ban pengganti. \r\n  ', '2021-09-30', 'https://akcdn.detik.net.id/visual/2021/10/08/ban-tanpa-udara_169.jpeg?w=650'),
('6163b92036fae', '7 Film Animasi Anak Terbaik dengan Cerita Mendidik', 'Hiburan', 'Fajar', '                        Film animasi bisa dikatakan sebagai tontonan favorit anak-anak karena secara tampilan memang didesain semenarik mungkin.\r\nSama seperti film-film pada umumnya, animasi juga memiliki genre serta alur cerita yang berbeda-beda. Sehingga untuk dijadikan tontonan anak perlu disortir terlebih dulu.\r\nSupaya tayangan animasi untuk anak-anak berkualitas, tidak memuat konten pornografi, pornoaksi, sampai kekerasan, berikut deretan film animasi anak terbaik yang direkomendasikan.\r\n\r\n\r\n1. NUSSA the Movie (2021)\r\nNussa dan Rara merupakan serial animasi buatan Indonesia yang diproduksi studio animasi The Little Giantz dan 4Stripe Productions.\r\n\r\nKabar terbarunya, sutradara Bony Wirasmono telah mengemas Nussa dan Rara untuk format layar lebar berjudul NUSSA: The Movie dan siap tayang pada 14 Oktober 2021 mendatang.\r\n\r\nFilm NUSSA bercerita tentang seorang anak bernama Nussa yang ingin memenangkan lomba sains. Tapi ia harus berhadapan dengan Joni, yaitu rival yang dinilai lebih unggul darinya.\r\n\r\n2. The Lion King (2019)\r\nFilm yang disutradarai Jon Favreau ini serupa dengan versi aslinya pada 1994. Kisah The Lion King dapat mengajarkan anak pentingnya arti keluarga dan persahabatan tanpa batas.\r\n\r\nThe Lion King menceritakan kehidupan anak raja singa Mufasa bernama Simba. Usai peristiwa yang mengakibatkan ayahnya meninggal, Simba dan keluarganya harus menerima kenyataan pamannya, Scar merebut posisi raja.\r\n\r\nSimba yang tak terima kabur ke pengasingan dan bertemu dengan Simon dan Pumba. Saat dewasa ia memutuskan untuk kembali ke kerajaan singa dan merebut kembali takhta yang merupakan haknya.', '2021-10-05', 'https://akcdn.detik.net.id/visual/2021/09/17/film-nussa_169.png?w=650'),
('6163b96b8ec8f', 'Penulis Abdulrazak Gurnah Raih Nobel Sastra 2021', 'Hiburan', 'Hiko', '                        The Swedish Academy mengumumkan penulis kelahiran Zanzibar, Abdulrazak Gurnah, sebagai penerima penghargaan Nobel Sastra 2021.\r\n\"Dedikasi Abdulrazak Gurnah pada kebenaran dan keengganannya pada penyederhanaan sangat mencolok,\" tulis The Swedish Academy dalam kicauan di media sosial pada Kamis (7/10) petang waktu Indonesia\r\n\r\n\"Novel-novelnya melompat dari deskripsi stereotipe dan membuka pandangan kita ke Afrika Timur yang beragam secara budaya, namun belum dikenal banyak orang di bagian lain dunia,\" lanjut penyelenggara Nobel tersebut.\r\n\r\n\r\nMenurut the Swedish Academy, dalam alam semesta penulisan Gurnah, segalanya berubah. Baik kenangan, nama, ataupun identitas.\r\n\r\n\"Eksplorasi tak berujung yang didorong hasrat intelektual hadir di seluruh bukunya, dan sama-sama menonjol kini di Afterlives (2020), seperti kala ia mulai menulis sebagai pengungsi saat berusia 21 tahun,\" tulis the Swedish Academy.\r\nLahir pada 1948, Abdulrazak Gurnah merupakan novelis kelahiran Zanzibar, Tanzania, dan menulis dalam bahasa Inggris serta menetap di London, Inggris Raya. Ia pindah ke Inggris untuk menempuh studi pada 1968.\r\n\r\nPada 1980 hingga 1982, Gurnah sempat mengajar di Bayero University Kano, Nigeria. Ia kemudian pindah ke University of Kent dan meraih gelar doktoral di sana pada 1982.\r\n\r\nAbdulrazak Gurnah kini tercatat dalam British Council sebagai pengajar Sastra Inggris University of Kent dan sebagai editor rekanan jurnal Wasafiri.\r\n\r\nSecara akademis, Gurnah menaruh ketertarikan pada penulisan era pascakolonial dan pembahasan terkait kolonialisme, terutama yang berkaitan dengan Afrika, Karibia, dan India.\r\n\r\nAbdulrazak Gurnah juga tercatat menjadi pengawas proyek penulisan dari sejumlah penulis ternama, seperti Salman Rushdie, VS Naipaul, GV Desani, Anthony Burgess, Joseph Conrad, George Lamming, dan Jamaica Kincaid.\r\n\r\nAbdulrazak Gurnah terkenal berkat karyanya, Paradise pada 1994. Karyanya tersebut masuk dalam berbagai daftar pendek ajang penghargaan, seperti Costa Book Award (Whitbread Award).\r\n\r\nSelain Paradise, Abdulrazak Gurnah juga dikenal berkat karyanya yang bertajuk Desertion (2005) dan By the Sea (2001).', '2021-10-06', 'https://akcdn.detik.net.id/visual/2021/10/10/abdulrazak-gurnah_169.jpeg?w=650'),
('6163b9c119337', 'Praktik Cross Border Tanpa Regulasi Berpotensi Membunuh UMKM', 'Ekonomi', 'Hibiki', 'Praktik perdagangan lintas negara berbasis elektronik atau cross border menyimpan bahaya yang berpotensi mematikan keberlangsungan UMKM-UMKM lokal. Sejauh ini, regulasi impor barang melalui sektor perdagangan berbasis elektronik atau e-commerce masih belum juga terlihat wujudnya.\r\nRegulasi terhadap praktik cross border jelas diperlukan. Jika tidak, maka banyak pihak yang merugi akibat praktik cross border.\r\n\r\nContohnya, pelaku UMKM lokal akan mengalami kerugian karena produk mereka kalah bersaing dengan produk lintas negara yang harganya jauh lebih murah, salah satunya karena tidak kena pajak yang seharusnya.\r\n\r\nKetua Umum Asosiasi UMKM Indonesia (Akumindo) Ikhsan Ingratubun menilai pemerintah terbilang lambat dalam melindungi UMKM lokal dari praktik cross border di e-commerce asing.\r\n\r\nIkhsan mengatakan, dirinya sudah bertemu dengan Menteri Perdagangan dan salah satu dirjen Kemendag, namun hingga kini belum ada tindak lanjut merevisi Permendag Nomor 50 Tahun 2020 tentang Perizinan Usaha, Periklanan, Pembinaan, dan Pengawasan Pelaku Usaha dalam Perdagangan melalui Sistem Elektronik.\r\n\r\n\"Jadi dimana keberpihakan pemerintah dalam melindungi UMKM lokal?\" kata Iksan mempertanyakan.\r\n\r\nMenurutnya, praktik cross border di e-commerce dapat membunuh UMKM karena pemain e-commerce asing ini menjual dengan harga sangat murah.\r\n\r\nDia menjelaskan, dalam perdagangan cross-border terjadi tindakan splitting atau memecah transaksi pembelian barang impor agar bebas bea masuk. Alhasil produk-produk asing tersebut tidak kena pajak.\r\n\r\n\"Hal ini tentu membuat UMKM lokal kalah saing sehingga muncullah istilah e-commerce domestik dan cross-border,\" tukas Ikhsan.\r\n\r\nIkhsan mengatakan pada e-commerce domestik tidak ada splitting. Impor barang dilakukan melalui bea dan cukai dan seluruh penjual berasal dari dalam negeri sehingga ada kontribusi ke pendapatan Indonesia.\r\n\r\nSedangkan e-commerce cross-border memungkinkan melakukan splitting. Impor barang bisa langsung dilakukan dari penjual luar negeri yang bertransaksi langsung dengan konsumen domestik, sehingga transaksi yang terjadi sama sekali tidak berkontribusi ke pendapatan dalam negeri.\r\n\r\nAtas dasar itu, Ikhsan menilai, jika praktik cross border ini tidak diatur dengan baik, maka banyak pihak yang mengalami kerugian.\r\n\r\n\"Jika praktik cross border tidak diregulasi secepatnya, maka akan merugikan banyak pihak. Pengusaha akan mengalami kerugian karena produk mereka akan kalah bersaing dengan produk cross border ilegal yang harganya jauh lebih murah,\" katanya.\r\n\r\nSama dengan praktik impor ilegal yang terjadi melalui jalur luring atau offline. Barang impor yang masuk lewat perdagangan offline tanpa melalui proses bea dan cukai juga bisa membunuh keberadaan UMKM.\r\n\r\nSedana, praktisi Hukum Alexander Seno juga melihat bahwa praktik cross border bisa sangat merugikan distributor resmi. Apalagi distributor resmi sudah dipastikan mengurus perizinan dan pajak.\r\n\r\nBeberapa kerugian dalam pandangannya, salah satunya kerugian materiil dengan dasar perhitungan berdasarkan jumlah barang yang dimasukkan ke Indonesia secara legal yang harusnya dijual oleh distributor resmi melalui toko konvensional maupun online yang dikelola langsung oleh perusahaan tersebut.\r\n\r\n\"Sebagai contoh, penjualan produk kosmetik dari satu pelaku usaha yang mengimpor dan mengedarkan tanpa mengikuti prosedur hukum yang berlaku, tanpa membayar pajak bea masuk dan lain-lain, dia bisa mengedarkan satu jenis produk kosmetik hingga ratusan ribu piece,\" jelas Alexander.\r\n\r\nMenurutnya regulasi yang mengatur cross border tersebut seharusnya sudah ada, akan ditindaklanjuti oleh pemerintah dan diberikan perhatian lebih.\r\n\r\n\"Kita berharap saja benar dan cepat, karena kalau terus dibiarkan dan tidak ada regulasi, bukan hanya distributor resmi saja yang akan tergerus, tetapi UMKM juga,\" tegasnya.\r\n\r\nPemerhati Ekonomi dan Industri, Fauzi Aziz juga punya penilaian serupa. Fauzi mengatakan, praktik cross border di e-commerce merupakan kesalahan pemerintah di pusat logistik berikat (PLB). Kelahiran PLB alias gudang logistik multifungsi ini selain dimaksudkan untuk menekan biaya dan transportasi logistik, juga diharapkan mampu menjadikan Indonesia sebagai pusat logistik di kawasan Asia Pasifik.\r\n\r\nNamun persoalan baru muncul. Saat ini PLB disinyalir sebagai salah satu titik merembesnya barang-barang impor masuk ke dalam negeri.\r\n\r\nMantan Dirjen IKM ini menilai, potensi PLB sebagai titik merembesnya bahan baku impor ke pasar domestik sangat mungkin terjadi. Pasalnya, PLB memiliki kendala utama dalam hal pengawasan.\r\n\r\nMenurutnya, prinsip kerja PLB mirip kawasan berikat. Namun di PLB tidak ada pabrik seperti di kawasan berikat.\r\n\r\nDi kawasan berikat, lanjutnya, barang yang datang dibongkar dan diolah di tempat itu dan langsung diekspor.\r\n\r\n\"Kalau di PLB, ketika barang masuk, yang butuh barang itu datang, ambil dan dibawa keluar. Prosesnya mulai sulit terkontrol,\" jelas Fauzi.     ', '2021-09-29', 'https://akcdn.detik.net.id/visual/2021/09/01/umkm-sablon-sajadah-bertahan-di-tengah-pandemi-4_169.jpeg?w=650'),
('6163b9f57920a', 'Gas Bumi Diprediksi Dukung Energi Terbarukan RI 2050', 'Ekonomi', '', '                        Direktur Jenderal Minyak dan Gas Bumi Kementerian ESDM Tutuka Ariadji mengatakan gas bumi berperan dalam transisi energi karena faktor emisi karbonnya baik bagi lingkungan.\r\nPemerintah menempatkan arah kebijakan peralihan energi fosil ke energi baru terbarukan dan menjadikan gas sebagai faktor penting dalam program transisi energi ke depan di Indonesia.\r\n\r\n\"Peran gas alam dalam transisi energi menjadi lebih penting karena sifat gas yang mudah ditransportasikan dan disimpan dan yang terpenting adalah faktor emisi karbonnya,\" kata Tutuka dalam keterangan yang dikutip dari Antara.\r\nDia menegaskan, Indonesia telah berkomitmen mengurangi emisi gas rumah kaca sebesar 29 persen pada 2030 dan hingga 41 persen dengan dukungan internasional termasuk teknologi dan keuangan.\r\n\r\nSektor energi berkomitmen untuk menurunkan emisi gas rumah kaca sebesar 314 juta ton karbon dioksida ekuivalen (CO2e) menjadi 398 juta ton CO2e pada 2030 melalui pengembangan energi terbarukan, penerapan konservasi energi, serta penerapan teknologi energi bersih.\r\n\r\n\"Karena itulah, peran gas sebagai energi transisi sangat penting,\" ujar Tutuka.\r\n\r\nSejak pertama kali diproduksi pada 1965, kebutuhan gas bumi untuk rumah tangga di Indonesia terus meningkat.\r\n\r\nSebelumnya, gas lebih banyak digunakan untuk tujuan ekspor. Namun, kini lebih dari 60 persen produksi gas Indonesia digunakan untuk memenuhi kebutuhan dalam negeri.\r\nBerdasarkan Rencana Umum Energi Nasional, gas bumi ditargetkan mencapai porsi 24 persen dalam bauran energi nasional pada 2050.\r\n\r\n\"Cadangan gas Indonesia menjadi salah satu faktor penentu target tersebut,\" tambah Tutuka.\r\n\r\nMerujuk data Kementerian ESDM, konsumen gas terbesar dalam negeri adalah industri sebesar 28,22 persen, listrik 12,04 persen dan pupuk sebesar 12,45 persen.\r\n\r\nSedangkan 20,05 persen diekspor dalam bentuk gas alam cair dan sebanyak 13,15 persen diekspor melalui pipa. Total konsumsi gas mencapai 5.661,38 BBUTD pada Juni 2021.', '2021-10-08', 'https://akcdn.detik.net.id/visual/2015/09/22/e5470f82-77fd-41a4-8519-ab4f028baf8f_169.jpg?w=650'),
('6163c03c504cd', 'Kisah Pulau Buru Tempat Pengasingan Para Tahanan Politik G30S', 'Politik', 'Fajar', '                         Pulau Buru adalah pulau yang dipilih Rezim Orde Baru untuk membuang para tahanan politik yang terkait dengan G30S. Para tapol itu diasingkan ke sebuah pulau di Kepulauan Maluku. Dilepas untuk membuka lahan dan hutan sendiri, tanpa bantuan alat.     \r\n\r\nPramoedya Ananta Toer dalam bukunya berjudul Nyanyi Sunyi Seorang Bisu bercerita kisahnya selama ia jadi salah satu tapol. Buku yang dibuat hingga 2 jilid ini sejatinya berupa memoar pengalaman pribadi milik Pram. Jilid I berisi cerita pengalaman Pram, sedangkan jilid berikutnya berisi persuratan Pram kepada tiga anaknya.\r\n\r\nMakalah Konferensi Sejarah Nasional bertajuk Tujuh Buku Memoar tentang Pulau Buru oleh Dr. Zeffry Alkatiri dari Fakultas Ilmu Pengetahuan Budaya Universitas Indonesia menyebutkan, beberapa tapol lain juga memberikan catatan pribadinya kepada Pram.\r\n\r\nPulau Buru mulai baru ditempati oleh tapol PKI sejak tahun 1969. Mulanya, tapol itu dipenjara di Pulau Nusakambangan. Namun, kemudian dipindahkan sebab ribuan tapol tak dapat tertampung. Akhirnya, mereka dipindahkan ke Pulau Buru. Agustus tahun itu, tepatnya Hari Ulang Tahun Kemerdekaan Indonesia jadi gelombang pertama pembuangan tapol PKI.\r\n\r\nPikiran Pram kala itu, kehidupannya di Pulau Buru akan lebih baik dibanding ketika di penjara sebelumnya. Penjara yang sempit. Alasan lain, pembuangan ini juga didasari oleh program pemerintah, yakni Keputusan Presiden Soeharto No 16 tahun 1969. Isinya membentuk Komando Operasi Pemulihan Keamanan dan Ketertiban atau Kopkamtib yang bertugas memulihkan keamanan dan ketertiban akibat pemberontakan G30 S-PKI. Selain itu, juga mengamankan kewibawaan pemerintah demi kelangsungan hidup berlandaskan Pancasila dan UUD 45.\r\n\r\nBuku Hesri Setiawan menuliskan, tapol golongan B mendominasi Pulau Buru. Jumlahnya mencapai 12.000 orang. Mereka adalah yang dianggap terlibat, tetapi tak secara langsung. Istilahnya, hanya sebagai kader. Para tapol yang dimasukkan ke dalam golongan B merupakan hasil seleksi dari golongan A atau mereka yang terlibat langsung dan dihukum mati mati.\r\n\r\nSementara itu, tapol golongan C berisi orang-orang yang dianggap sebagai kader PKI yang ikut-ikutan. Selama rentang 1968 hingga 1976, para tapol diseleksi lagi hingga banyak yang naik ke jenjang golongan B. namun, tak sedikit pula yang turun menjadi tapol golongan C.\r\n\r\nPulau Buru dipilih karena beberapa sebab. Pertama, menimbang letaknya yang jauh dari suhu politik ibu kota. Kedua, agar meringankan beban keuangan pemerintah demi menyukseskan program Pelita. Selama ditahan, tapol diharapkan bisa mencukupi kebutuhan hidup mereka sendiri, tanpa mengganggu anggaran keuangan negara dengan bertitik tolak pada gagasan transmigrasi. Ketiga, meneruskan pembangunan pemerintah sejak tahun 1954 yang memfokuskan kepada bendungan irigasi pertanian.\r\n\r\nSelang enam hari kedatangannya, Pram bercerita bahwa ia dan tapol lain bekerja membersihkan lahan rumput. Mereka bekerja hanya dengan tangan, tanpa alat bantu. Nantinya, lahan itu diolah menjadi areal persawahan dan perladangan. Mereka semua bekerja sama, hingga terbentuklah areal persawahan sebagai bekal hidup di sana.', '2021-10-07', 'https://statik.tempo.co/data/2021/09/28/id_1054349/1054349_720.jpg');

-- --------------------------------------------------------

--
-- Table structure for table `comments`
--

CREATE TABLE `comments` (
  `IdBerita` char(255) NOT NULL,
  `IdKomen` int(11) NOT NULL,
  `Konten` char(255) NOT NULL,
  `Username` varchar(255) NOT NULL,
  `TanggalKomen` date NOT NULL,
  `ComPP` varchar(255) NOT NULL
) ENGINE=InnoDB DEFAULT CHARSET=utf8mb4;

--
-- Dumping data for table `comments`
--

INSERT INTO `comments` (`IdBerita`, `IdKomen`, `Konten`, `Username`, `TanggalKomen`, `ComPP`) VALUES
('616185a2cd316', 13, 'sadasd', 'admin', '2021-10-10', 'foto-profil615befbe2eeef.jpg'),
('61618607dc740', 14, 'Ninu', 'admin', '2021-10-10', 'foto-profil615befbe2eeef.jpg'),
('616186aea5f60', 15, 'hehe', 'admin', '2021-10-10', 'foto-profil615befbe2eeef.jpg'),
('616187f34f25a', 23, 'haha', 'admin', '2021-10-10', 'foto-profil615befbe2eeef.jpg'),
('616187f34f25a', 24, 'hehe', 'admin', '2021-10-10', 'foto-profil615befbe2eeef.jpg'),
('616181c4c0751', 25, 'hehe', 'haha', '2021-10-10', 'foto-profil615bee5533751.jpg'),
('616181c4c0751', 26, 'hehe', 'haha', '2021-10-10', 'foto-profil615bee5533751.jpg'),
('616186651c3cc', 27, 'hehe', 'haha', '2021-10-10', 'foto-profil615bee5533751.jpg'),
('616186651c3cc', 28, 'aaaaaaaaaaaaaaaaaaaaaaaaaaaaaaaaaaaaaaaaaaaaaaaaaaaaaaaaaaaaaaaaaaaaaaaaaaaaaaaaaaaaaaaaaaaaaaaaaaaaaaaaaaaaaaaaaaaaaaaaaaaaaaaaaaaaaaaaaa', 'haha', '2021-10-10', 'foto-profil615bee5533751.jpg'),
('61618607dc740', 39, 'dsfafafafafffffffffffffffffffffffffffffffffffffffffffffffffffffffffffffffffffffffffffffffffffffffffffffffffffffffffffffffffffffffffffffffffffffffffffffffffffffffffffffffffffffffffffffffffffffffffffffffffffffffffffffffffffff', 'haha', '2021-10-10', 'foto-profil615bee5533751.jpg'),
('616181c4c0751', 48, 'haha', 'admin', '2021-10-11', 'foto-profil615befbe2eeef.jpg'),
('616181c4c0751', 49, 'aaaaaaaaaaaaaaaaaaaaaaaaaaaaaaaaaaaaaaaaaaaaaaaaaaaaaaaaaaaaaaaaaaaaaaaaaaaaaaaaaaaaaaaaaaaaaaaaaaaaaaaaaaaaaaaaaaaaaaaaaaaaaaaaaaaaaaaaaaaaaaaaaaaaaaaaaaaaaaaaaaaaaaaaaaaaaaaaaaaaaaaaaaaaaaaaaaaaaaaaaaaaaaaaaaaaaaaaaaaaaaaaaaaaaaaaaaaaaaaaaaaaaaaaaaaaaaa', 'admin', '2021-10-11', 'foto-profil615befbe2eeef.jpg'),
('61618770ed645', 50, 'hehe', 'haha', '2021-10-11', 'foto-profil615bee5533751.jpg');

-- --------------------------------------------------------

--
-- Table structure for table `likecomments`
--

CREATE TABLE `likecomments` (
  `IdUser` char(255) NOT NULL,
  `IdKomen` int(11) NOT NULL,
  `IdBerita` char(255) NOT NULL
) ENGINE=InnoDB DEFAULT CHARSET=utf8mb4;

--
-- Dumping data for table `likecomments`
--

INSERT INTO `likecomments` (`IdUser`, `IdKomen`, `IdBerita`) VALUES
('615bee5525020', 6, '615eccd359d1c'),
('615bee5525020', 2, '615eccd359d1c'),
('615dbf029d1f4', 3, '615eccd359d1c'),
('615dbf029d1f4', 5, '615eccd359d1c'),
('615dbf029d1f4', 7, '615eccd359d1c'),
('615dbf029d1f4', 6, '615eccd359d1c'),
('615dbf029d1f4', 2, '615eccd359d1c'),
('615dbdf7089c9', 3, '615eccd359d1c'),
('615dbdf7089c9', 4, '615eccd359d1c'),
('615dbdf7089c9', 5, '615eccd359d1c'),
('615dbdf7089c9', 7, '615eccd359d1c'),
('615dbdf7089c9', 6, '615eccd359d1c'),
('615dbdf7089c9', 8, '615eccd359d1c'),
('615dbf029d1f4', 8, '615eccd359d1c'),
('615bee5525020', 8, '615eccd359d1c'),
('615befbe20912', 10, '616185a2cd316'),
('615befbe20912', 11, '61618607dc740'),
('615befbe20912', 14, '61618607dc740'),
('615befbe20912', 12, '616186651c3cc'),
('615befbe20912', 18, '616186651c3cc'),
('615befbe20912', 24, '616187f34f25a'),
('615befbe20912', 26, '616181c4c0751'),
('615bee5525020', 26, '616181c4c0751'),
('615bee5525020', 12, '616186651c3cc'),
('615bee5525020', 19, '616186651c3cc'),
('615bee5525020', 27, '616186651c3cc'),
('615bee5525020', 28, '616186651c3cc'),
('615bee5525020', 24, '616187f34f25a'),
('615bee5525020', 29, '616187f34f25a'),
('615bee5525020', 23, '616187f34f25a'),
('615bee5525020', 22, '616187f34f25a'),
('615befbe20912', 43, '61618770ed645'),
('615befbe20912', 17, '616182e9931ff'),
('615befbe20912', 32, '616182e9931ff'),
('615befbe20912', 33, '616182e9931ff'),
('615befbe20912', 34, '616182e9931ff'),
('615bee5525020', 46, '616185a2cd316'),
('615befbe20912', 48, '616181c4c0751'),
('615bee5525020', 50, '61618770ed645');

-- --------------------------------------------------------

--
-- Table structure for table `user`
--

CREATE TABLE `user` (
  `FirstName` varchar(255) NOT NULL,
  `LastName` varchar(255) NOT NULL,
  `Username` varchar(255) NOT NULL,
  `Gender` varchar(255) NOT NULL,
  `TanggalLahir` varchar(255) NOT NULL,
  `id` char(255) NOT NULL,
  `password` varchar(255) NOT NULL,
  `Picture` varchar(255) NOT NULL,
  `Jenis` varchar(255) NOT NULL
) ENGINE=InnoDB DEFAULT CHARSET=utf8mb4;

--
-- Dumping data for table `user`
--

INSERT INTO `user` (`FirstName`, `LastName`, `Username`, `Gender`, `TanggalLahir`, `id`, `password`, `Picture`, `Jenis`) VALUES
('Admin', 'Admin', 'admin', 'pria', '2021-10-14', '615befbe20912', '$2y$10$fDKky.MkqSYCPNx.sRU6FO7FtW17nGyaRFBcSmZYonBGhcfqt9EzW', 'foto-profil615befbe2eeef.jpg', 'admin'),
('Jonathan', 'Putra', 'haha', 'pria', '2021-10-05', '615bee5525020', '$2y$10$4V2tzd7H0EnKtVbKjjqEyuUn3cpMqDwFvdpOChH0FXamjEfKOoBlu', 'foto-profil615bee5533751.jpg', 'user'),
('Wayan', 'sadsad', 'imuit', 'pria', '2021-10-23', '615dbdf7089c9', '$2y$10$1FjcC31.w1ljDT8sAOimdeb3tPRgeI8t8HD9Azy9.knvQzFPr8O/G', 'foto-profil615dbdf7173e1.jpg', 'user'),
('budiono Djuandi', 'haha', 'kimiy', 'wanita', '2021-10-20', '61631f65d17a9', '$2y$10$YsMwmsar2j8FRF8KkVFaNObCrRgq.4X8LWOORFRg.a111LVJ7/xey', 'foto-profil61631f65e00d0.jpeg', 'user'),
('kumang', 'kusmdandaads', 'yamete', 'wanita', '2021-10-21', '615dbf029d1f4', '$2y$10$7vE1/HLp/eQk928.9L3I/.u3fPobA2H7VQnhgHYJbt4Ko1sETSTWe', 'foto-profil615dbf02abe8a.jpg', 'user');

--
-- Indexes for dumped tables
--

--
-- Indexes for table `comments`
--
ALTER TABLE `comments`
  ADD PRIMARY KEY (`IdKomen`);

--
-- Indexes for table `user`
--
ALTER TABLE `user`
  ADD UNIQUE KEY `Username` (`Username`),
  ADD UNIQUE KEY `id` (`id`);

--
-- AUTO_INCREMENT for dumped tables
--

--
-- AUTO_INCREMENT for table `comments`
--
ALTER TABLE `comments`
  MODIFY `IdKomen` int(11) NOT NULL AUTO_INCREMENT, AUTO_INCREMENT=51;
COMMIT;

/*!40101 SET CHARACTER_SET_CLIENT=@OLD_CHARACTER_SET_CLIENT */;
/*!40101 SET CHARACTER_SET_RESULTS=@OLD_CHARACTER_SET_RESULTS */;
/*!40101 SET COLLATION_CONNECTION=@OLD_COLLATION_CONNECTION */;
